Folder	File	Author	Title	Genre	Updated	Lang	Series	Annotation	Keywords	PublishYear
f.fb2-263214-266671.7z	Sergey_Vladimirovich_Redkin_Skazki_kota_Persika.fb2	Редькин,Сергей,Владимирович:	Шустрые ребята	home_pets:	2012-02-25	ru				
fb2-060424-074391.7z	66552.fb2	Брэдбери,Рэй,:	Лекарство от меланхолии	sf:	2009-01-11	ru				
fb2-074392-091839.7z	89132.fb2	Тараторин,В.,В.:	История боевого фехтования: Развитие тактики ближнего боя от древности до начала IX века	sci_history:	2009-01-11	ru		<p>Тараторин В. В.</p><p><strong>История боевого фехтования:<emphasis>Развитие тактики ближнего боя от древности до начала IX века.</emphasis></strong></p><p><emphasis>OCR Палек, 1998 г.</emphasis></p><p>Боевое фехтование – это искусство ведения ближнего боя холодным ору-жием. Именно оно играло главную роль в бесчисленных войнах прошедших веков. Боевое фехтование утратило свое прежнее значение только в XX веке, в связи с широким распространением автоматического стрелкового оружия, артиллерии и бронетехники.</p><p>Автор книги, член Смоленского клуба исторического фехтования, рассмотрел все основные этапы развития техники и тактики боевого фехтования в Европе. Вершиной европейского фехтовального искусства он считает фехтование на шпагах и саблях, характерное для XVIIIXIX веков. В то же время он подчеркивает, что некоторые разделы боевого фехтования, такие как штыковой бой, работа дубинкой и ножом, сохраняют свое прикладное значение до сих пор.</p><p>Эта книга представляет большой интерес для тех читателей, которые хотят совершенствовать свои навыки рукопашного боя, а также для всех любителей военной истории, сценического и спортивного фехтования.</p>		
fb2-091841-104214.7z	103995.fb2	Бiлик,Iван,:	Меч Арея	prose_contemporary:	2009-01-11	un				
fb2-091841-104214.7z	94193.fb2	Чекмарев,Владимир,Альбертович:	Хроники майора Сварога	sf_fantasy:network_literature:	2009-01-11	ru	Сварог#			
fb2-091841-104214.7z	97295.fb2	Шалыгин,Вячеслав,Владимирович:	Странствия Безногого	sf_space:	2009-01-11	ru	Преображенский#5	<p>Сверхсекретное задание майора разведки Федора Сбондина и финансовый кризис вольного космического волка капитана Зигфрида Безногого настолько сближают этих разных людей, что в дальнейшей жизни им уже друг без друга не обойтись. Теперь они вместе будут мешать олигарху Злюхину разорять родину, вместе готовиться к отражению бастурман-бастманчского нашествия, вместе спасать бойцовую швахианскую мурлышку со вселенской помойки. Не сказать, чтобы этот альянс сложился на добровольной основе, однако эффективность его подтвердила уже первая операция. Галактика вздрогнула, и звезды начали сыпаться… у Безногого из глаз, а Сбондину на погоны. И чем дальше, тем чаще.</p>		
fb2-132108-141328.7z	134688.fb2	Круз,Андрей,:	У Великой реки	sf_fantasy:	2009-01-11	ru		"<p>Когда-то пересеклись миры, чуть не разрушив друг друга. Мир наш, привычный, столкнулся с миром другим, в котором магия обычна, а боги надзирают за людьми и прочими населяющими его расами. И остался от нашего мира в том изрядный кусок. Но только история совсем не об этом, потому что с тех пор прошло двести лет, и все это уже быльем поросло. А история о том, как живущий в мире Великой реки бывший драгунский унтер, а ныне охотник на нечисть, нежить и прочих чудовищ, за свои же собственные деньги влип в такую историю… Когда-то, пару сотен лет назад, кусок современного нам Поволжья провалился в иной мир. Мир, где колдовство – норма жизни, и присутствует полный набор фантастических рас, от эльфов до орков. Главный герой – отдаленный потомок первых ""пришельцев"", охотник на нечисть и прочих чудовищ, влипший неожиданно для себя самого в сомнительную историю.</p>"		
fb2-132108-141328.7z	139206.fb2	Прорез,Журнал,:Митин,Сергей,:	Туристические ножи	home_crafts:	2009-02-10	ru	"Статьи из журнала ""Прорез""#26"	"<p>Статья опубликована в журнале ""Прорез"" №5, 2005 (№26).</p>"		
fb2-132108-141328.7z	140206.fb2	Прикли,Нэт,:	Посланник	sf:	2009-01-30	ru	Мир пауков#2	<p>Издательство «Северо-Запад» продолжает публикацию серии романов о Мире Пауков, созданную знаменитыми Колином Уилсоном и Нэтом Прикли.</p><p>…Империя пауков гибнет под ударами беспощадного врага. Спасаясь от захватчиков, Найл и его приближенные вынуждены отправиться за помощью к Великой Богине Дельты.</p>		1999
fb2-132108-141328.7z	140508.fb2	Чернованова,Валерия,Михайловна:	Проклятие Владык	sf_humor:sf_fantasy:	2009-02-27	en	Проклятие#			
fb2-147519-153549.7z	147745.fb2	Перес-Реверте,Артуро,:	Клуб Дюма, или тень Ришелье	thriller_mystery:thriller:	2009-05-13	ru		<p>Действие романа «Клуб Дюма, или Тень Ришелье» происходит в особом мире – мире книг. Герои этой истории – библиофилы, букинисты, переплетчики и просто страстные любители литературы. Одни из них отдают предпочтение романам «плаща и шпаги», другие – детективам, третьи пытаются разгадать тайны, скрытые в трудах по демонологии.</p>		
fb2-153556-158325.7z	155597.fb2	Давыдов,Денис,:	Дневник партизанских действии 1812 года	nonf_biography:	2009-06-29	ru		<p>Денис Васильевич Давыдов - Васильевич - знаменитый партизан, поэт, военный историк и теоретик. Написанные им в 1835 году воспоминания до сих пор сохраняют значение важных источников для истории войны той эпохи.</p>		
fb2-158328-161830.7z	160590.fb2	Неманис,Александр,Николаевич:	Юджут и крукса	sf:	2009-08-04	ru				
fb2-382000-387999.7z	386980.fb2	Бессараб,Майя,:	Так говорил Ландау	nonf_biography:	2012-07-28	ru		<p>М Я. Бессараб. Так говорил Ландау. — М., Физматлит, 2003. — 128 с. — ISBN 5–9221–0363–6. Книга об одном из величайших физиков XX века, лауреате Нобелевской премии, академике Льве Давидовиче Ландау содержит интересные сведения о его жизни. Гениальный учёный предстает на её страницах как замечательный педагог, весёлый, общительный человек с нетривиальным взглядом на жизнь. Для молодых физиков, знающих Л. Д. Ландау как соавтора всемирно известного «Курса теоретической физики», а также для широкого круга читателей.</p>		2003
fb2-442000-445299.7z	442872.fb2	Мавроди,Сергей,Пантелеевич:	Сын Люцифера. День 102, Игра-3	prose_contemporary:sf_mystic:	2013-07-21	ru				
fb2-442000-445299.7z	442873.fb2	Мавроди,Сергей,Пантелеевич:	Сын Люцифера. День 103, Игра-4	prose_contemporary:sf_mystic:	2013-07-21	ru				
fb2-442000-445299.7z	442874.fb2	Мавроди,Сергей,Пантелеевич:	Сын Люцифера. День 104, Игра-5	prose_contemporary:sf_mystic:	2013-07-21	ru				
fb2-442000-445299.7z	442875.fb2	Мавроди,Сергей,Пантелеевич:	Сын Люцифера. День 105, Любовь-2	prose_contemporary:sf_mystic:	2013-07-21	ru				
fb2-442000-445299.7z	442876.fb2	Мавроди,Сергей,Пантелеевич:	Сын Люцифера. День 106, Контраст-2	prose_contemporary:sf_mystic:	2013-07-21	ru				
fb2-442000-445299.7z	442877.fb2	Мавроди,Сергей,Пантелеевич:	Сын Люцифера. День 107, Совесть	prose_contemporary:sf_mystic:	2013-07-21	ru				
fb2-442000-445299.7z	442878.fb2	Мавроди,Сергей,Пантелеевич:	Сын Люцифера. День 109, Поединок	prose_contemporary:sf_mystic:	2013-07-21	ru				
fb2-442000-445299.7z	442879.fb2	Мавроди,Сергей,Пантелеевич:	Сын Люцифера. День 110, Воспоминание	prose_contemporary:sf_mystic:	2013-07-21	ru				
fb2-442000-445299.7z	442880.fb2	Мавроди,Сергей,Пантелеевич:	Сын Люцифера. День 112, Золушка	prose_contemporary:sf_mystic:	2013-07-21	ru				
fb2-442000-445299.7z	442881.fb2	Мавроди,Сергей,Пантелеевич:	Сын Люцифера. День 113, Сумасшедший	prose_contemporary:sf_mystic:	2013-07-21	ru				
fb2-442000-445299.7z	442882.fb2	Мавроди,Сергей,Пантелеевич:	Сын Люцифера. День 114, Фотография	prose_contemporary:sf_mystic:	2013-07-21	ru				
fb2-442000-445299.7z	442885.fb2	Мавроди,Сергей,Пантелеевич:	Сын Люцифера. День 117, Красота	prose_contemporary:sf_mystic:	2013-07-21	ru				
fb2-442000-445299.7z	442886.fb2	Мавроди,Сергей,Пантелеевич:	Сын Люцифера. День 118, Химеры	prose_contemporary:sf_mystic:	2013-07-21	ru				
fb2-442000-445299.7z	442887.fb2	Мавроди,Сергей,Пантелеевич:	Сын Люцифера. День 119, Чудо	prose_contemporary:sf_mystic:	2013-07-21	ru				
fb2-442000-445299.7z	442888.fb2	Мавроди,Сергей,Пантелеевич:	Сын Люцифера. День 120, Фауст	prose_contemporary:sf_mystic:	2013-07-21	ru				
fb2-442000-445299.7z	442889.fb2	Мавроди,Сергей,Пантелеевич:	Сын Люцифера. День 121, Эрозия	prose_contemporary:sf_mystic:	2013-07-21	ru				
fb2-442000-445299.7z	442890.fb2	Мавроди,Сергей,Пантелеевич:	Сын Люцифера. День 122, Секта-2	prose_contemporary:sf_mystic:	2013-07-21	ru				
fb2-442000-445299.7z	442891.fb2	Мавроди,Сергей,Пантелеевич:	Сын Люцифера. День 124, Мистика	prose_contemporary:sf_mystic:	2013-07-21	ru				
fb2-442000-445299.7z	442892.fb2	Мавроди,Сергей,Пантелеевич:	Сын Люцифера. День 126, Учитель	prose_contemporary:sf_mystic:	2013-07-21	ru				
fb2-442000-445299.7z	442893.fb2	Мавроди,Сергей,Пантелеевич:	Сын Люцифера. День 128, Тюрьма-4	prose_contemporary:sf_mystic:	2013-07-21	ru				
fb2-442000-445299.7z	442894.fb2	Мавроди,Сергей,Пантелеевич:	Сын Люцифера. День 129, Жертва	prose_contemporary:sf_mystic:	2013-07-21	ru				
fb2-442000-445299.7z	442895.fb2	Мавроди,Сергей,Пантелеевич:	Сын Люцифера. День 130, Деньги-2	prose_contemporary:sf_mystic:	2013-07-21	ru				
fb2-442000-445299.7z	442896.fb2	Мавроди,Сергей,Пантелеевич:	Сын Люцифера. День 131, Победа	prose_contemporary:sf_mystic:	2013-07-21	ru				
fb2-442000-445299.7z	442897.fb2	Мавроди,Сергей,Пантелеевич:	Сын Люцифера. День 132, Поэт	prose_contemporary:sf_mystic:	2013-07-21	ru				
fb2-442000-445299.7z	442898.fb2	Мавроди,Сергей,Пантелеевич:	Сын Люцифера. День 133, Секта-3	prose_contemporary:sf_mystic:	2013-07-21	ru				
fb2-442000-445299.7z	442899.fb2	Мавроди,Сергей,Пантелеевич:	Сын Люцифера. День 134, Форум-2	prose_contemporary:sf_mystic:	2013-07-21	ru				
fb2-442000-445299.7z	442900.fb2	Мавроди,Сергей,Пантелеевич:	Сын Люцифера. День 135, Ад	prose_contemporary:sf_mystic:	2013-07-21	ru				
fb2-442000-445299.7z	442901.fb2	Мавроди,Сергей,Пантелеевич:	Сын Люцифера. День 136, Рай-2	prose_contemporary:sf_mystic:	2013-07-21	ru				
fb2-442000-445299.7z	442902.fb2	Мавроди,Сергей,Пантелеевич:	Сын Люцифера. День 137, Пирамида-2	prose_contemporary:sf_mystic:	2013-07-21	ru				
fb2-442000-445299.7z	442903.fb2	Мавроди,Сергей,Пантелеевич:	Сын Люцифера. День 139, Форум-3	prose_contemporary:sf_mystic:	2013-07-21	ru				
fb2-442000-445299.7z	442904.fb2	Мавроди,Сергей,Пантелеевич:	Сын Люцифера. День 140, Пробуждение	prose_contemporary:sf_mystic:	2013-07-21	ru				
fb2-442000-445299.7z	442905.fb2	Мавроди,Сергей,Пантелеевич:	Сын Люцифера. День 141, Мечта	prose_contemporary:sf_mystic:	2013-07-21	ru				
fb2-442000-445299.7z	442906.fb2	Мавроди,Сергей,Пантелеевич:	Сын Люцифера. День 142, Оборотень	prose_contemporary:sf_mystic:	2013-07-21	ru				
fb2-442000-445299.7z	442907.fb2	Мавроди,Сергей,Пантелеевич:	Сын Люцифера. День 22, Реверс	prose_contemporary:sf_mystic:	2013-07-21	ru				
fb2-442000-445299.7z	442908.fb2	Мавроди,Сергей,Пантелеевич:	Сын Люцифера. День 24, Демон	prose_contemporary:sf_mystic:	2013-07-21	ru				
fb2-442000-445299.7z	442909.fb2	Мавроди,Сергей,Пантелеевич:	Сын Люцифера. День 25, Выбор	prose_contemporary:sf_mystic:	2013-07-21	ru				
fb2-442000-445299.7z	442910.fb2	Мавроди,Сергей,Пантелеевич:	Сын Люцифера. День 26, Легенда	prose_contemporary:sf_mystic:	2013-07-21	ru				
fb2-442000-445299.7z	442911.fb2	Мавроди,Сергей,Пантелеевич:	Сын Люцифера. День 27, Разрыв	prose_contemporary:sf_mystic:	2013-07-21	ru				
fb2-442000-445299.7z	442912.fb2	Мавроди,Сергей,Пантелеевич:	Сын Люцифера. День 28, Ножницы	prose_contemporary:sf_mystic:	2013-07-21	ru				
fb2-442000-445299.7z	442913.fb2	Мавроди,Сергей,Пантелеевич:	Сын Люцифера. День 29, Разговор	prose_contemporary:sf_mystic:	2013-07-21	ru				
fb2-442000-445299.7z	442914.fb2	Мавроди,Сергей,Пантелеевич:	Сын Люцифера. День 30, Стихотворение	prose_contemporary:sf_mystic:	2013-07-21	ru				
fb2-442000-445299.7z	442915.fb2	Мавроди,Сергей,Пантелеевич:	Сын Люцифера. День 32, Клон	prose_contemporary:sf_mystic:	2013-07-21	ru				
fb2-442000-445299.7z	442916.fb2	Мавроди,Сергей,Пантелеевич:	Сын Люцифера. День 33, Монстр	prose_contemporary:sf_mystic:	2013-07-21	ru				
fb2-442000-445299.7z	442917.fb2	Мавроди,Сергей,Пантелеевич:	Сын Люцифера. День 34, Любовь	prose_contemporary:sf_mystic:	2013-07-21	ru				
fb2-442000-445299.7z	442918.fb2	Мавроди,Сергей,Пантелеевич:	Сын Люцифера. День 35, Андрогин	prose_contemporary:sf_mystic:	2013-07-21	ru				
fb2-442000-445299.7z	442919.fb2	Мавроди,Сергей,Пантелеевич:	Сын Люцифера. День 36, Ложь	prose_contemporary:sf_mystic:	2013-07-21	ru				
fb2-442000-445299.7z	442920.fb2	Мавроди,Сергей,Пантелеевич:	Сын Люцифера. День 37, Подарок	prose_contemporary:sf_mystic:	2013-07-21	ru				
fb2-442000-445299.7z	442921.fb2	Мавроди,Сергей,Пантелеевич:	Сын Люцифера. День 38, Шантаж	prose_contemporary:sf_mystic:	2013-07-21	ru				
fb2-442000-445299.7z	442922.fb2	Мавроди,Сергей,Пантелеевич:	Сын Люцифера. День 39, Поездка	prose_contemporary:sf_mystic:	2013-07-21	ru				
fb2-442000-445299.7z	442923.fb2	Мавроди,Сергей,Пантелеевич:	Сын Люцифера. День 41, Происшествие	prose_contemporary:sf_mystic:	2013-07-21	ru				
fb2-442000-445299.7z	442924.fb2	Мавроди,Сергей,Пантелеевич:	Сын Люцифера. День 42, Тюрьма-2	prose_contemporary:sf_mystic:	2013-07-21	ru				
fb2-442000-445299.7z	442925.fb2	Мавроди,Сергей,Пантелеевич:	Сын Люцифера. День 43, Реверс-2	prose_contemporary:sf_mystic:	2013-07-21	ru				
fb2-442000-445299.7z	442926.fb2	Мавроди,Сергей,Пантелеевич:	Сын Люцифера. День 44, Миф	prose_contemporary:sf_mystic:	2013-07-21	ru				
fb2-442000-445299.7z	442927.fb2	Мавроди,Сергей,Пантелеевич:	Сын Люцифера. День 45, Розыгрыш	prose_contemporary:sf_mystic:	2013-07-21	ru				
fb2-442000-445299.7z	442928.fb2	Мавроди,Сергей,Пантелеевич:	Сын Люцифера. День 46, Происшествие-2	prose_contemporary:sf_mystic:	2013-07-21	ru				
fb2-442000-445299.7z	442929.fb2	Мавроди,Сергей,Пантелеевич:	Сын Люцифера. День 47, Трясина	prose_contemporary:sf_mystic:	2013-07-21	ru				
fb2-442000-445299.7z	442930.fb2	Мавроди,Сергей,Пантелеевич:	Сын Люцифера. День 48, Орфей	prose_contemporary:sf_mystic:	2013-07-21	ru				
fb2-442000-445299.7z	442931.fb2	Мавроди,Сергей,Пантелеевич:	Сын Люцифера. День 49, Фобия	prose_contemporary:sf_mystic:	2013-07-21	ru				
fb2-442000-445299.7z	442932.fb2	Мавроди,Сергей,Пантелеевич:	Сын Люцифера. День 51, Элемент	prose_contemporary:sf_mystic:	2013-07-21	ru				
fb2-442000-445299.7z	442933.fb2	Мавроди,Сергей,Пантелеевич:	Сын Люцифера. День 52, Фобия-2	prose_contemporary:sf_mystic:	2013-07-21	ru				
fb2-442000-445299.7z	442934.fb2	Мавроди,Сергей,Пантелеевич:	Сын Люцифера. День 53, Признание	prose_contemporary:sf_mystic:	2013-07-21	ru				
fb2-442000-445299.7z	442935.fb2	Мавроди,Сергей,Пантелеевич:	Сын Люцифера. День 54, Свинг	prose_contemporary:sf_mystic:	2013-07-21	ru				
fb2-442000-445299.7z	442936.fb2	Мавроди,Сергей,Пантелеевич:	Сын Люцифера. День 55, Развлечение	prose_contemporary:sf_mystic:	2013-07-21	ru				
fb2-442000-445299.7z	442937.fb2	Мавроди,Сергей,Пантелеевич:	Сын Люцифера. День 56, Награда	prose_contemporary:sf_mystic:	2013-07-21	ru				
fb2-442000-445299.7z	442938.fb2	Мавроди,Сергей,Пантелеевич:	Сын Люцифера. День 57, Награда-2	prose_contemporary:sf_mystic:	2013-07-21	ru				
fb2-442000-445299.7z	442939.fb2	Мавроди,Сергей,Пантелеевич:	Сын Люцифера. День 58, Мать	prose_contemporary:sf_mystic:	2013-07-21	ru				
fb2-442000-445299.7z	442940.fb2	Мавроди,Сергей,Пантелеевич:	Сын Люцифера. День 60, Авария	prose_contemporary:sf_mystic:	2013-07-21	ru				
fb2-442000-445299.7z	442941.fb2	Мавроди,Сергей,Пантелеевич:	Сын Люцифера. День 61, Лекция	prose_contemporary:sf_mystic:	2013-07-21	ru				
fb2-442000-445299.7z	442942.fb2	Мавроди,Сергей,Пантелеевич:	Сын Люцифера. День 62, Агентство	prose_contemporary:sf_mystic:	2013-07-21	ru				
fb2-442000-445299.7z	442943.fb2	Мавроди,Сергей,Пантелеевич:	Сын Люцифера. День 63, Агентство-2	prose_contemporary:sf_mystic:	2013-07-21	ru				
fb2-442000-445299.7z	442944.fb2	Мавроди,Сергей,Пантелеевич:	Сын Люцифера. День 64, Суд	prose_contemporary:sf_mystic:	2013-07-21	ru				
fb2-442000-445299.7z	442945.fb2	Мавроди,Сергей,Пантелеевич:	Сын Люцифера. День 65, Сон-2	prose_contemporary:sf_mystic:	2013-07-21	ru				
fb2-442000-445299.7z	442946.fb2	Мавроди,Сергей,Пантелеевич:	Сын Люцифера. День 66, Рай	prose_contemporary:sf_mystic:	2013-07-21	ru				
fb2-442000-445299.7z	442947.fb2	Мавроди,Сергей,Пантелеевич:	Сын Люцифера. День 67, Картина	prose_contemporary:sf_mystic:	2013-07-21	ru				
fb2-442000-445299.7z	442948.fb2	Мавроди,Сергей,Пантелеевич:	Сын Люцифера. День 68, Рестарт	prose_contemporary:sf_mystic:	2013-07-21	ru				
fb2-442000-445299.7z	442949.fb2	Мавроди,Сергей,Пантелеевич:	Сын Люцифера. День 69, Голос	prose_contemporary:sf_mystic:	2013-07-21	ru				
d.usr-172703-173908.7z	Vasiliy_Zvyagintsev_Skoro_polnoch.fb2	Звягинцев,Василий,Дмитриевич:	Скоро полночь. Том 1. Африка грёз и действительности	sf_action:sf_history:	2009-11-25	ru	Одиссей покидает Итаку#15			
f.usr-173909-177717.7z	Leroy_Aarons_Prayers_For_Bobby_A_Mothers_Coming_to_Terms_with_the_Suicide_of_Her_Gay_Son_Prayers_For_Bobby_.epub	Aarons,Leroy,:	Prayers for Bobby	nonf_biography:	2026-09-01	en				
f.usr-177718-183065.7z	Meri_Belou_Soblaznitelnyiy_angel.fb2	Бэлоу,Мэри,:	Соблазнительный ангел	love_history:	2010-01-19	ru	Семья Хакстебл#4			
f.usr-195714-198701.7z	Sergey_Viktorovich_Paliy_Monohrom.fb2	Палий,Сергей,Викторович:	Монохром	sf_postapocalyptic:sf_action:	2010-08-09	ru	S.T.A.L.K.E.R.#			
f.usr-195714-198701.7z	Sun_Tszyi_The_art_of_war.epub	Tzu,Sun,:	The Art of War	nonfiction:sci_philosophy:War:	2026-09-01	en				
f.usr-200864-203580.7z	Ruslan_Anatolevich_Ershov_Simbiogenez.fb2	Ершов,Руслан,Анатольевич:	Симбиогенез	sf_action:	2010-10-13	ru				
f.usr-203581-214697.7z	Gay_Gevriel_Key_Under_Heaven_by_Guy_Gavriel_Kay.epub	Kay,Guy,Gavriel:	Under Heaven	fantasy_all_root:sf_all_root:Historical:General:	2026-09-01	un				
f.usr-214698-218014.7z	Anton_Pavlovich_Blagin_Geometriya_zhizni.fb2	Благин,Антон,Павлович:	Геометрия жизни	sci_history:sci_philosophy:sci_politics:religion_rel:	2010-12-29	ru				
f.usr-214698-218014.7z	Dmitriy_Borisovich_Leontev_Bastion.fb2	Леонтьев,Дмитрий,Борисович:	Бастион	sf_social:love_sf:	2010-12-15	ru				
f.usr-214698-218014.7z	Dmitriy_Ellin_Ulyibka_pandoryi.fb2	stalker-book.com,,:	Все электронные книги серии «STALKER», фанфики, главы, новости, анонсы:  www	fanfiction:	2010-12-10	ru	S.T.A.L.K.E.R.#			
f.usr-225712-228905.7z	Jacques-Louis_MAH├Й_Kromosomoj.epub	Lorjak,,:	Kromosomoj	romanoj:	2026-09-01	eo				
f.usr-225712-228905.7z	Klod_Piron_─Иu_rakonti_novele.epub	Valano,Johan,:	Ĉu rakonti novele?	noveloj:	2026-09-01	eo				
f.usr-228906-233099.7z	Dmitriy_Borisovich_Leontev_ROSA_V_ADU.fb2	Леонтьев,Дмитрий,Борисович:	Роса в аду	sf_social:	2011-06-16	ru				
f.usr-297653-301030.7z	Uilyam_Ford_Gibson_Nulevaya_istoriya.original_fb2.fb2				2012-10-24	en				
f.usr-301031-303901.7z	Anne-Marie_O_N039;Connor_The_Lady_in_Gold_The_Extraordinary_Tale_of_Gustav_Klimts_Masterpiece_Portrait_of_Adele_Bloch-Bauer.epub	O’Connor,Anne-Marie,:	The Lady in Gold: The Extraordinary Tale of Gustav Klimt's Masterpiece, Portrait of Adele Bloch-Bauer	Non Fiction:nonf_biography:art_all_root:	2026-09-01	en				
f.usr-301031-303901.7z	Robert_Holdstok_Lavondyss.epub	Holdstock,Robert,:	Lavondyss - 2	sf_all_root:General:fantasy_all_root:Fantasy Fiction:sf_epic:Brothers and Sisters:Missing Persons:child_tale:Folk Tales:Legends & Mythology:Wilderness Areas:	2026-09-01	fr				
f.usr-301031-303901.7z	Robert_Holdstok_Mythago_Wood.epub	Holdstock,Robert,:	Mythago Wood	fantasy_all_root:	2026-09-01	en				
f.usr-301031-303901.7z	Robert_Holdstok_The_Bone_Forest.epub	Holdstock,Robert,:	The Bone Forest	fantasy_all_root:	2026-09-01	en				
f.usr-307926-311761.7z	_Arieli_Den_-_Vsya_pravda_o_nepravde._Pochemu_i_kak_myi_obmanyivaem.epub	Ариели,Дэн,:	Вся правда о неправде. Почему и как мы обманываем / Дэн Ариели	foreign_psychology:psy_social:psy_generic:foreign_business:popular_business:	2026-09-01	ru				
f.usr-311762-314957.7z	Sheymas_Hini_North.epub	Heaney,Seamus,:	North Sample		2026-09-01	en				
f.usr-311762-314957.7z	Vasishtha_Vasishtha_Yoga._Kniga_1-4._Perevod_Svami_Vidyananda_Sarasvati_Divya_Chaytanya_.epub	Ana,,:	Васиштха т1		2026-09-01	en				
f.usr-311762-314957.7z	Vladimir_Vasilevich_Beshanov_Po_svoim_artilleriya_byot...._Slepyie_Bogi_voynyi.fb2	Бешанов,Владимир,Васильевич:	«По своим артиллерия бьет…». Слепые Боги войны	sci_history:nonf_publicism:	2013-02-22	ru	Рассекреченная война. Трагедия Великой Отечественной#			
f.usr-314958-318554.7z	Anya_Geraskina_Yogo_zvut_Misha..._abo_Zori_v_makaronah.zip.epub				2026-09-01	uk				
f.usr-314958-318554.7z	Daniil_Berg_Proekt_Kain._Adam.fb2	Берг,Даниил,:	Проект Каин. Адам	sf_postapocalyptic:love_hard:	2013-03-28	ru				
f.usr-314958-318554.7z	Maks_Armay_Rin._Kniga_I._Zvezda_i_zhernov._Ekzemplyar_dlya_svobodnogo_i_besplatnogo_rasprostraneniya_v_internete.epub	Армай,Макс,:	Рин. Книга I. Звезда и жернов. Экземпляр для свободного и бесплатного распространения в интернете	sf_fantasy:	2026-09-01	ru				
f.usr-314958-318554.7z	Robert_Dzhordan_Voronyi.fb2	Джордан,Роберт,:	Вороны	sf_fantasy:	2013-03-28	ru				
f.usr-314958-318554.7z	Savine_Noch_zhivyih_mertvetsov.fb2	Savine,,:	Ночь живых мертвецов	sf_horror:	2013-03-28	ru				
f.usr-314958-318554.7z	Stiven_Prata_C++_Primer_Plus.epub	Prata,Stephen,:	C++ Primer Plus (Eiji Yamane's Library)		2026-09-01	en				
f.usr-314958-318554.7z	Taina_Hogvarts_v_sapogah.fb2	Таина,,:	Здравствуй, Хогвартс в сапогах!	sf_humor:	2013-03-28	ru				
f.usr-314958-318554.7z	Viktoriya_Larina_Svarog_i_uzel_sudbyi.fb2	Ларина,Виктория,:	Узел судьбы	sf_fantasy:	2013-03-27	ru				
f.usr-314958-318554.7z	Vladimir_Gennadevich_Poselyagin_VTOROY_FRONT_ANOMALIYa-2_.fb2	Поселягин,Владимир,Геннадьевич:	Второй фронт [СИ]	sf_history:	2013-03-10	ru		Александр Демин, сотрудник секретного отдела межмировых перемещений, успел передать в 1941 год информацию из будущего. Используя современные методики ведения боевых действий, Красная Армия встретила орды немецких войск во всеоружии. Теперь СССР потребуется поддержка потомков, нужно обеспечить выпуск новой военной техники. Для этого Александр занимается поиском других межвременных порталов и случайно перемещается в 1851 год, в царскую Польшу. Ему необходимо вернуться назад, в будущее. Но как? Единственный выход — ехать в столицу к императору и просить помощи у просвещенных людей того времени.		
f.usr-318555-322393.7z	Aelias_Konovalov_Koleso_vremeni.fb2	Коновалов,Аэлиас,:	Колесо времени	sf_fantasy:	2013-04-27	ru				
f.usr-318555-322393.7z	Maksim_Ivanovich_Kidruk_Bot.epub	Кідрук,Макс,:	Макс Кідрук. Бот.		2026-09-01	uk				
f.usr-322394-325325.7z	Aleksandr_Kuzmenkov_Gruppa_prodlennogo_dnya.epub	Кузьменков,Александр,:	Группа продленного дня		2026-09-01	ru				
f.usr-325326-329045.7z	Effektivnoe_kommercheskoe_predlozhenie._Ischerpyivayuschee_rukovodstvo.epub	Каплунов,Денис,:	Эффективное коммерческое предложение	ISBN 978-5-91657-619-1:	2026-09-01	en				
f.usr-325326-329045.7z	FictionBook_Editor_V_2.66_Rukovodstvo.fb2	,Izekbis,:	FictionBook Editor V 2.66 Руководство	comp_programming:ref_guide:	2013-06-01	ru		<p>Новая дополненная версия 2.4 руководства по созданию книг формата Fb2 в FictionBook Editor V 2.66. Обложка сделана Wotti.</p>		2013
f.usr-325326-329045.7z	Sergey_Fedorovich_Platonov_Kurs_russkoy_istorii.zip.epub	Неизв.,,:	Платонов курс русской истории		2026-09-01	ru				
f.usr-329046-332167.7z	Dzherom_Deyvid_Selindzher_salinger_-_franny_and_zooey.htm.zip.epub	franny,,:zooey,,:	Franny and Zooey		2026-09-01	en				
f.usr-329046-332167.7z	Erik_Hoffer_The_Ordeal_of_Change.epub	Hoffer,Eric,:	The Ordeal of Change		2026-09-01	en				
f.usr-329046-332167.7z	Erik_Hoffer_The_True_Beliver.epub	Hoffer,Eric,:	The True Beliver	sci_philosophy:	2026-09-01	en				
f.usr-332168-335440.7z	Dzhanin_Frost_twice_tempted.epub	Frost,Jeaniene,:	Twice Tempted		2026-09-01	en				
f.usr-332168-335440.7z	Mersedes_Leki_Arrows_of_the_Queen-trilogy.epub	Mercedes,Lackey,,:	Arrow’s Flight		2026-09-01	en				
f.usr-335441-338879.7z	Ben_Croshaw_Jam.epub		Jam		2026-09-01	en				
f.usr-335441-338879.7z	Skott_Linch_The_Republic_of_Thieves.epub	Lynch,Scott,:	The Republic of Thieves		2026-09-01	en				
f.usr-338880-342953.7z	Almost blue Carlo Lucarelli.epub	Lucarelli,Carlo,:	Almost Blue		2026-09-01	it				
f.usr-338880-342953.7z	Ester Hiks_Uchenie Abrahama.fb2	,Эстер и Джерри Хикс,:	KA4KA.RU - Учение Абрахама. Том 1	religion_esoterics:	2013-10-12	ru	Ченнелинг#			2009
f.usr-338880-342953.7z	Mihail Aleksandrovich Batin_Futurologiya. HHI vek. Bessmertie ili globalnaya katastrofa.epub	Турчин,Алексей,:Батин,Михаил,:	Футурология: XXI век: бессмертие или глобальная катастрофа?		2026-09-01	ru				
f.usr-338880-342953.7z	The Borgias The Hidden History.epub	Meyer,G.J.,:	The Borgias		2026-09-01	en				
f.usr-338880-342953.7z	The Tragedy of the Templars The Rise and Fall of the Crusader States .epub	Haag,Michael,:	The Tragedy of the Templars		2026-09-01	en				
f.usr-338880-342953.7z	Yuriy Aleksandrovich Zelenkov_Iskusstvo bega po grablyam. Strategicheskoe upravlenie IT v usloviyah neopredelennosti.epub	Зеленков,Юрий,Александрович:	Искусство бега по граблям. Стратегическое управление ИТ в условиях неопределенности		2026-09-01	ru				
f.usr-342954-346561.7z	Ernest Miller Heminguey_Tvori v 4-h tomah. Tom 1. -- K. Dnipro, 1979..epub	Хемінгуей,Ернест,Міллер:	Твори в 4-х томах. Том 1		2026-09-01	uk				
f.usr-342954-346561.7z	Mao The Real Story .epub	. Pantsov and Steven I. Levine,Alexander,V:	Mao: The Real Story		2026-09-01	en				
f.usr-342954-346561.7z	The millionaire and the mummies Theodore Davis's Gilded Age in the Valley of the Kings.epub	Adams,John,M.:	The Millionaire and the Mummies		2026-09-01	en				
f.usr-342954-346561.7z	Vladislav Bulahtin_Pesok.epub	Булахтин,Владислав,Юрьевич:	Песок	sf_fantasy:prose_contemporary:network_literature:	2013-11-13	ru				
f.usr-342954-346561.7z	Vladislav Bulahtin_Razvirtualizaciya. Chast pervaya.epub	Булахтин,Владислав,Юрьевич:	Развиртуализация. Часть первая	prose_contemporary:network_literature:	2013-11-13	ru				
f.usr-346562-349246.7z	Elektron Evgenevich Priklonskiy_Dnevnik samohodchika Boevoy put mehanika-voditelya ISU-152. 1942-19451.epub	Е.,Приклонский,Э.:	Дневник самоходчика. Боевой путь механика-водителя ИСУ-152. 1942-1945	drama_antique:	2026-09-01	ru				
f.usr-349247-352349.7z	Aleks Kun_Bronenoscy Petra Velikogo. Ch. 4-2 Krylo dvuglavogo orla [SI].epub	Алекс,Кун,:	Крыло двуглавого орла - ч.2		2026-09-01	ru				
f.usr-349247-352349.7z	Burning the Reichstag An Investigation into the Third Reich's Enduring Mystery.epub	Carter,Hett,,Benjamin:	Burning the Reichstag		2026-09-01	en				
f.usr-349247-352349.7z	Ivan Yakovlevich Franko_Shcho take postup.epub	Франко,Іван,:	Що таке поступ?	Classics Fiction:	2026-09-01	uk				
f.usr-349247-352349.7z	Konstantin Georgievich Paustovskiy_ Sovetskiy rasskaz. Tom pervyy.fb2	Гончар,Олесь,:Грин,Александр,Степанович:Кожевников,Вадим,Михайлович:Малышкин,Александр,Георгиевич:Сейфуллина,Лидия,Николаевна:Зощенко,Михаил,Михайлович:Яновский,Юрий,Иванович:Булгаков,Михаил,Афанасьевич:Бабель,Исаак,Эммануилович:Гроссман,Василий,Семёнович:Пришвин,Михаил,Михайлович:Толстой,Алексей,Николаевич:Эренбург,Илья,Григорьевич:Шишков,Вячеслав,Яковлевич:Симонов,Константин,Михайлович:Сергеев-Ценский,Сергей,Николаевич:Соболев,Леонид,Сергеевич:Паустовский,Константин,Георгиевич:Овечкин,Валентин,Владимирович:Горбатов,Борис,Леонтьевич:Тынянов,Юрий,Николаевич:Иванов,Всеволод,Вячеславович:Федин,Константин,Александрович:Лавренёв,Борис,Андреевич:Олеша,Юрий,Карлович:Нилин,Павел,Филиппович:Николаева,Галина,Евгеньевна:Платонов,Андрей,Платонович:Полевой,Борис,Николаевич:Соколов-Микитов,Иван,Сергеевич:Атаров,Николай,Сергеевич:Ауэзов,Мухтар,:Киачели,Лео,:Серафимович,Александр,Серафимович:Тихонов,Николай,Семенович:Цвирка,Пятрас,:Чорный,Кузьма,:Первомайский,Леонид,Соломонович:Бакунц,Аксель,:Каххар,Абдулла,:Катаев,Иван,Иванович:Сарыханов,Нурмурад,:Козин,Владимир,Романович:Капиев,Эффенди,Мансурович:Ругоев,Яакко,Васильевич:Фоменко,Владимир,Дмитриевич:Балтушис,Юозас,Каролевич:	Советский рассказ. Том первый	prose_su_classics:	2014-01-08	ru	БВЛ. Серия третья#181	<p>В первый том вошли произведения таких писателей как: А.Серафимович, Вс.Иванов, И.Эренбург, В.Шишков, А.Малышкин, Б.Лавренев, М.Булгаков, Ю.Тынянов, И.Соколов-Микитов, А.Бакунц, А.Каххар, И.Катаев, М.Зощенко, Н.Тихонов, Л.Соболев, Б.Полевой, Л.Сейфуллина и мн.др.Вступительная статья Сергея Антонова.Примечания И.Алатырцевой.</p>		1975
f.usr-349247-352349.7z	ZhENShchINY Kak sleduet znakomitsya, ovladevat i obrashchatsya s nimi.epub	Зарубинский,В.,А.:	ЖЕНЩИНЫ: Как следует знакомиться, овладевать и обращаться с ними	sci_psychology:Women:	2026-09-01	ru				
f.usr-352350-355443.7z	Scotty Bowers_Full Service My Adventures in Hollywood and the Secret Sex Lives of the Stars .epub	Lionel,Scotty,Bowers,Friedberg,,:	Full Service		2026-09-01	en				
f.usr-352350-355443.7z	Shedevry yumora. 100 luchshih yumoristicheskih istoriy.fb2	Генри,О.,:Черный,Саша,:Прутков,Козьма,:Воровский,Вацлав,Вацлавович:Аверченко,Аркадий,Тимофеевич:Андреев,Леонид,Николаевич:Куприн,Александр,Иванович:Джером,Джером,Клапка:Достоевский,Федор,Михайлович:Салтыков-Щедрин,Михаил,Евграфович:Чехов,Антон,Павлович:Романов,Пантелеймон,Сергеевич:Гаршин,Всеволод,Михайлович:Каминский,Семен,:Ильф,Илья,Арнольдович:Юшкевич,Семен,Соломонович:Зозуля,Ефим,Давидович:Блехман,Михаил,Самойлович:	Шедевры юмора. 100 лучших юмористических историй	prose_classic:humor_prose:prose_rus_classic:	2014-02-15	ru	Антология юмора#2013			
f.usr-365134-368728.7z	Brian McClellan_The Crimson Campaign.epub	McClellan,Brian,:	The Crimson Campaign	fantasy_all_root:Adult:	2026-09-01	en				
f.usr-372449-375702.7z	Tom Klensi_Command Authority.epub	Clancy,Tom,:	Command Authority		2026-09-01	en				
f.usr-379005-381312.7z	French Children Don't Throw Food.epub	Pamela,Druckerman,,:	French Children Don't Throw Food		2026-09-01	en				
f.usr-382983-386286.7z	Yaroslav Yosipovich Melnik_Dalekiy prostir.epub	Мельник,Ярослав,:	Далекий простір		2026-09-01	uk				
f.usr-396347-399579.7z	Akademiya proklyatiy-8. Postskriptum.fb2	Звездная,Елена,:	Академия Проклятий 8	love_sf:network_literature:	2015-03-28	ru	Академия Проклятий [СИ]#8			
f.usr-396347-399579.7z	Aleksey Petrovich Lebedev_Duhovenstvo Drevney Vselenskoy Cerkvi Ot vremen apostolskih do IX veka.epub	Лебедев,А.,П.:	Духовенство в Древней Вселенской Церкви	sci_religion:	2026-09-01	ru				
f.usr-396347-399579.7z	Nina Vitalevna Zvereva_Pravila delovogo obshcheniya. 33 nelzya i 33 mozhno..epub	Зверева,Нина,:	Правила делового общения: 33 «нельзя» и 33 «можно»		2026-09-01	ru				
f.usr-399580-402551.7z	Black Nazis II! Ethnic Minorities and Foreigners in Hitler's Armed Forces An Unbiased History.epub	Veronica,Kuzniar-Clark,,:	Black Nazis II! Ethnic Minorities and Foreigners in Hitler's Armed Forces: An Unbiased History		2026-09-01	en				
f.usr-406402-412295.7z	Glen Tate_299 Days The Change of Seasons.epub	Tate,Glen,:	299 Days: The Change of Seasons	299 Days꞉ The Change of Seasons:	2026-09-01	en				
f.usr-406402-412295.7z	Glen Tate_299 Days The War.epub	Tate,Glen,:	299 Days: The War (Volume 8)	299 Days VIII꞉ The War:	2026-09-01	en				
f.usr-412296-416023.7z	John Lee Brook_Blood In Blood Out The Violent Empire of the Aryan Brotherhood.epub	Brook,John,Lee:	Blood In, Blood Out		2026-09-01	en				
f.usr-412296-416023.7z	Stalingrad and Leningrad The Deadliest Battles of World War II.epub	Editors,Charles,River:	Stalingrad and Leningrad: The Deadliest Battles of World War II		2026-09-01	en				
f.usr-416024-418827.7z	Bradley K. Martin_Under the Loving Care of the Fatherly Leader North Korea and the Kim Dynasty .epub	K.,Martin,,Bradley:	Under the Loving Care of the Fatherly Leader		2026-09-01	en				
f.usr-425051-428054.7z	A. A. Lisoveckaya_Enciklopediya dlya detey. Germaniya.epub	А.А.Лисовецкая,,:	Энциклопедия для детей. Германия		2026-09-01	ru				
f.usr-425051-428054.7z	A. A. Lisoveckaya_Enciklopediya dlya detey. Ispaniya.epub	А.А.Лисовецкая,,:	Энциклопедия для детей. Испания		2026-09-01	ru				
f.usr-425051-428054.7z	A. A. Lisoveckaya_Franciya. Enciklopediya dlya detey.epub	А.А.Лисовецкая,,:	Энциклопедия для детей. Франция	Франция:Париж:	2026-09-01	ru				
f.usr-425051-428054.7z	Andrey Yurevich Galich_Rabotaem s gipsokartonom.epub	Галич,Андрей,Юрьевич:	Работаем с гипсокартоном	гипсокартон:ремонт:стена:потолок:	2026-09-01	ru				
f.usr-425051-428054.7z	Avtor neizvesten -- Eposy, mify, legendy i skazaniya_Britanskie skazki.epub	автор,Неизвестный,:	Британские сказки		2026-09-01	ru				
f.usr-425051-428054.7z	Avtor neizvesten _Oboroten - sovety partizanam. Werwolf.epub	неизвестен,Автор,:	Оборотень - советы партизанам. Werwolf		2026-09-01	ru				
f.usr-425051-428054.7z	Brayan Hoton_Velikie tayny i zagadki istorii.epub	Хотон,Брайан,:	Великие тайны и загадки истории		2026-09-01	ru				
f.usr-425051-428054.7z	Devid S. Platt_Soft - otstoy! I chto s etim delat.epub	Платт,Дэвид,С.:	Софт - отстой! И что с этим делать?		2026-09-01	ru				
f.usr-425051-428054.7z	Genrih Yakovlevich Yakovlevich_Bivaki.epub	Рыжавский,Генрих,Яковлевич:	Биваки		2026-09-01	ru				
f.usr-425051-428054.7z	Irina Anatolevna Agapova_Podelki iz folgi. Metodicheskoe posobie dlya DOU i nachalnoy shkoly.epub	Анатольевна & Давыдова, Маргарита Алексеевна,Агапова,,Ирина:	Поделки из фольги. Методическое пособие для ДОУ и начальной школы	фольга:украшение:поделка:дракон:конь:обезьяна:петух:кабан:заяц:коза:собака:тигр:фольга:поделки:	2026-09-01	ru				
f.usr-425051-428054.7z	Kirill Nikolaevich Romasyov_Pervye kolyosno-gusenichnye voennye mashiny Dzhona Uoltera Kristi 1916-1927.epub	Николаевич,Ромасёв,,Кирилл:	Первые колёсно-гусеничные военные машины Джона Уолтера Кристи 1916-1927	бронетехника:танки:тягач:	2026-09-01	ru				
f.usr-425051-428054.7z	Kollektiv avtorov_Istoriya zheleznodorozhnogo transporta Rossii. Tom 1. 1836-1917 gg.epub	авторов,Коллектив,:	История железнодорожного транспорта России. Том 1. 1836-1917 гг.	железная дорога:чугунка:поезд:паровоз:	2026-09-01	ru				
f.usr-425051-428054.7z	Kollektiv avtorov_Komiki mirovogo ekrana (sbornik).epub	автор,Неизвестный,:	Комики мирового экрана (сборник)	cine:комик:клоун:Чаплин:Никулин:Китон:Ллойд:Линдер:Глупышкин:Паташон:Ильинский:Гарин:Фернандель:Тото:Фюнес:Бурвиль:Сорди:Питкин:Этекс:	2026-09-01	ru				
f.usr-425051-428054.7z	Rene Le Gren-Eyffel_Avtomobil i motocikl. Ustroystvo i ekspluataciya.epub	Грэн-Эйфель,Ренэ,Лэ:	Автомобиль и мотоцикл	автомобиль:машина:мотоцикл:мопед:мотороллер:автомобиль:мотоцикл:мопед:	2026-09-01	en				
f.usr-425051-428054.7z	Semeynyy taym-menedzhment. Kniga dlya roditeley, kotorye hotyat vse uspet.epub	Е.А.,Бурмистрова,:	Семейный тайм-менеджмент		2026-09-01	ru				
f.usr-428055-430932.7z	Konstantin Belichenko_kupec po-nevole.fb2		Часть-2		2015-12-23	ru				
f.usr-428055-430932.7z	Konstantin Belichenko_kupec po-nevole2.fb2		Глава1		2015-12-23	ru				
f.usr-430933-433654.7z	Brendon Sanderson_Mistborn Secret History.epub	Sanderson,Brandon,:	Mistborn: Secret History		2026-09-01	en				
f.usr-430933-433654.7z	Gloria G. Brame_Different loving the world of sexual dominance and submission.epub	G.,Brame,,Gloria:D.,Brame,,William:Jon,Jacobs,,:	Different Loving: The World of Sexual Dominance and Submission	Education & Reference:home_health:Fitness & Dieting:Psychology & Counseling:Sexuality:reference_all_root:Self-Help:Relationships:Love & Romance:Sex:	2026-09-01	en				
f.usr-430933-433654.7z	Kris Bekett_Dark Eden.epub	Beckett,Chris,:	Dark Eden		2026-09-01	en				
f.usr-430933-433654.7z	Kris Bekett_Mother of Eden.epub	Beckett,Chris,:	Mother of Eden	sf:	2026-09-01	en				
f.usr-430933-433654.7z	The Red Web The Struggle Between Russia's Digital Dictators and the New Online Revolutionaries.epub	Soldatov,Andrei,:	The Red Web		2026-09-01	en				
f.usr-433655-437059.7z	Andrey Platonovich Platonov_Zelenyy drayver.epub	Саблин,Роман,:	Зелёный Драйвер	sci_ecology:экологическое движение:личностный рост:саморазвитие:	2026-09-01	ru				
f.usr-433655-437059.7z	Mishel Zevako_Tribule.fb2	Зевако,Мишель,:	Трибуле	foreign_contemporary:prose_history:foreign_adventure:adv_history:	2016-02-20	ru	Рагастены#2	<p>Король Франции Франциск I спятил. Шутка ли, в свои пятьдесят влюбиться в семнадцатилетнюю! Все придворные готовы кивать и поддакивать нестареющему монарху, лишь шут Трибуле не весел. На его всегда улыбающемся лице затаился страх.</p><p>Пока в Лувре решают, кто больший дурак – король или его шут, в Париж, город своего детства, возвращается шевалье де Рагастен. Его цель – найти и вернуть то, что он потерял. Рагастен знает, где искать, но при всей своей силе и отваге понимает – сделать это в одиночку практически невозможно. Есть в Париже место, проникнув в которое, любой смертный может обрести бессмертие, если о нем будет кому вспоминать. За помощью Рагастен решает обратиться к королю…</p><p>Роман французского писателя Мишеля Зевако, владевшего пером так же легко, как и шпагой, погружает читателей в бурную эпоху Ренессанса. На свой особый манер он рассказывает историю, которая стара как мир. Историю, прославленную когда-то в пьесе Гюго и воспетую в бессмертной опере Верди.</p><p>На русском языке публикуется впервые.</p>	история Франции,исторические романы,ренессанс,захватывающие приключения	2015
f.usr-437060-440800.7z	Ace Atkins_The Broken Places.epub	Atkins,Ace,:	The Broken Places	mystery:Thriller:	2026-09-01	en				
f.usr-437060-440800.7z	Ace Atkins_The Lost Ones.epub	Atkins,Ace,:	The Lost Ones	unread:	2026-09-01	en				
f.usr-437060-440800.7z	Ace Atkins_The Ranger.epub	Atkins,Ace,:	The Ranger	Quinn Colson:	2026-09-01	en				
f.usr-437060-440800.7z	Against the Wind.epub	Freedman,J.,F.:	Against the Wind	Suspense:	2026-09-01	en				
f.usr-437060-440800.7z	Chayna Mevill_Children of Cthulhu Chilling New Tales Inspired by H.P. Lovecraft.epub	Pelan,John,:	The Children of Cthulhu		2026-09-01	en				
f.usr-437060-440800.7z	Christian Keur_iOS Programming The Big Nerd Ranch Guide, 5th Edition.epub	Christian,Keur,,:Aaron,Hillegass,,:	iOS Programming: The Big Nerd Ranch Guide	Big Nerd Ranch Guides:COM051370:iOS Programming:iPhone Programming:iPad Programming:Xcode:Swift Programming:	2026-09-01	en				
f.usr-437060-440800.7z	Duglas Krokford_JavaScript The Good Parts.epub	Crockford,Douglas,:	JavaScript: The Good Parts	computers:Programming Languages:JavaScript:	2026-09-01	en				
f.usr-437060-440800.7z	Dzh F. Fridman_The Disappearance.epub	Freedman,J.,F.:	The Disappearance	Suspense:	2026-09-01	en				
f.usr-437060-440800.7z	Dzh F. Fridman_The Obstacle Course.epub	Freedman,JF,:	The Obstacle Course	USA:	2026-09-01	en				
f.usr-437060-440800.7z	Graduates in Wonderland The International Misadventures of Two (Almost) Adults.epub	Pan,Jessica,:	Graduates in Wonderland		2026-09-01	en				
f.usr-437060-440800.7z	Konstantin Belichenko_1.Kupec ponevole . Часть-2.fb2	Беличенко,Константин,:	Купец поневоле. Часть 2	network_literature:popadancy:	2016-03-25	ru				
f.usr-437060-440800.7z	Konstantin Belichenko_1.Kupec ponevole . Часть-3.fb2	Беличенко,Константин,:	Купец поневоле. Часть 3	network_literature:popadancy:	2016-03-25	ru				
f.usr-437060-440800.7z	Konstantin Belichenko_1.Kupec ponevole . часть - 1.fb2				2016-03-04	en				
f.usr-437060-440800.7z	Triumph of the City How Our Greatest Invention Makes Us Richer, Smarter, Greener, Healthier, and Happier.epub	Glaeser,Edward,:	Triumph of the City		2026-09-01	fr				
f.usr-440801-444899.7z	Dzhin Kellahan_Ekonomika dlya obychnyh lyudey Osnovy avstriyskoy ekonomicheskoy shkoly.epub	Кэллахан,Джин,:	Экономика для обычных людей: Основы австрийской экономической школы	economics:banking:popular_business:stock:	2026-09-01	ru				
f.usr-440801-444899.7z	Lirika drevney Ellady v perevodah russkih poetov.epub	Admin,,:	Unknown		2026-09-01	ru				
f.usr-440801-444899.7z	Sharing Big Data Safely Managing Data Security.epub	Dunning,Ted,:	Sharing Big Data Safely		2026-09-01	en				
f.usr-444900-449234.7z	Saymon Dzhonatan Sebag Montefiore_The Romanovs 1613-1918.epub	Montefiore,Simon,Sebag:	The Romanovs		2026-09-01	en				
f.usr-449235-452905.7z	Clark Ashton Smith The Collected Fantasies 2 - The Door to Saturn.epub	Smith,Clark,Ashton:	The Door to Saturn	Fantasy Fiction:Comics & Graphic Novels:General:fantasy_all_root:American:sf_all_root:Short Stories:	2026-09-01	en				
f.usr-449235-452905.7z	Clark Ashton Smith The Collected Fantasies 3 - A Vintage From Atlantis.epub	Smith,Clark,Ashton:	A Vintage From Atlantis	Fantasy Fiction:Comics & Graphic Novels:General:fantasy_all_root:American:sf_all_root:Short Stories:	2026-09-01	en				
f.usr-449235-452905.7z	Clark Ashton Smith The Collected Fantasies 4 - The Maze of the Enchanter.epub	Smith,Clark,Ashton:	The Maze of the Enchanter	fantasy_all_root:sf_all_root:Short Stories:	2026-09-01	en				
f.usr-449235-452905.7z	Clark Ashton Smith [The Collected Fantasies 5] - The Last Hieroglyph.epub	Smith,Clark,Ashton:	The Last Hieroglyph	Fantasy Fiction:fantasy_all_root:American:sf_all_root:Short Stories:	2026-09-01	en				
f.usr-449235-452905.7z	Pagava Mamuka_Borba za budushchee Introekciya.epub	Пагава,Мамука,:	Борьба за будущее: Интроекция	prose_contemporary:	2026-09-01	ru				
f.usr-456073-459343.7z	Anonimnye Narkomany - Bazovyy Tekst.epub	Емельянович,Юрий,:	Основная Книга АН (4 правка)		2026-09-01	en				
f.usr-456073-459343.7z	Viktor Karakol - Kniga pervaya - Nachalo Kazhdogo Dnya.epub	XLBaron,,:	Мир второго солнца		2026-09-01	en				
f.usr-456073-459343.7z	Viktor Karakol - Kniga vtoraya - Koldun Epohi Edo.epub	XLBaron,,:	Виктор Караколь – книга вторая, «Колдун Эпохи Эдо»		2026-09-01	en				
f.usr-456073-459343.7z	Viktor Karakol - Omen.epub	Караколь,Виктор,:	Виктор Караколь - Omen		2026-09-01	en				
f.usr-459344-462296.7z	Fiziologicheskoe_uchenie_akademika_I._P._Pavlova_v_psihiatrii_i_nevropatologii_(11_--_15_oktyabrya_1951_g).epub	М. Банщиков, Н. В. Коновалов, С. В. Курашов и др.,Ред.,Б.:	«Физиологическое учение академика И. П. Павлова в психиатрии и невропатологии». Материалы стенографического отчета объединенного заседания расширенного Президиума АМН СССР и пленума Правления Всесоюзного общества невропаталогов и психиатров (11 — 15 октября 1951 г).		2026-09-01	ru				
f.usr-462297-464694.7z	Blayne_Cooper_Zateryannye_v_okeane.htm.fb2	Unknown,,:	Unknown	drama_antique:	2016-10-05	ru				
f.usr-462297-464694.7z	Luiza_Penni_The_Nature_of_the_Beast.epub	Penny,Louise,:	The Nature of the Beast		2026-09-01	en				
f.usr-462297-464694.7z	Mihail_Belov_-_Roman_09.epub	Natalya,,:	Untitled		2026-09-01	en				
f.usr-464695-467681.7z	Nebo_dlya_dvoih.fb2		Небо на двоих		2016-11-14	ru				
f.usr-464695-467681.7z	Vladimir_Kirsanov___31._Russkie_gei,_lesbiyanki,_biseksualy_i_transseksualy.epub	Кирсанов,Владимир,:	+31. Русские геи, лесбиянки, бисексуалы и трансгендеры		2026-09-01	ru				
f.usr-467682-471133.7z	Oksana_Nikolaevna_Sergeeva_Raskalennyy_kapkan._Stavka_na_vybyvanie.fb2	Сергеева,Оксана,Николаевна:	Раскаленный капкан	love_contemporary:unfinished:network_literature:	2016-12-20	ru				
f.usr-467682-471133.7z	guru1_Piraty_Flibusty.epub	guru1,,:	Пираты Флибусты	humor_prose:poetry_all_root:romance_fantasy:	2026-09-01	ru				
f.usr-471134-473832.7z	Kultura_i_vyrozhdenie.epub	Бумке,Освальд,:	Культура и вырождение		2026-09-01	ru				
f.usr-471134-473832.7z	Said_Zakirovich_Gafurov_Iniciativa__Partnerstvo_dlya_modernizacii_.epub		parnertstvo-dlya-M		2026-09-01	ru				
f.usr-473833-476870.7z	Andrey_Grigorevich_Tartakovskiy_Nerazgadannyy_Barklay._Legendy_i_byl_1812_goda.epub	А.Г.Тартаковский,,:	Неразгаданный Барклай. Легенды и быль 1812 года		2026-09-01	ru				
f.usr-473833-476870.7z	Troickiy_Nikolay_Alekseevich_Bezumstvo_hrabryh._Russkie_revolyucionery_i_karatelnaya_politika_carizma_1866--1882_gg.epub	Троицкий,Н.А.,:	Безумство храбрых. Русские революционеры и карательная политика царизма 1866 1882 гг.		2026-09-01	ru				
f.usr-476871-480576.7z	Michael_G._Manning_Centyr_Dominance.epub	Manning,Michael,G.:	Centyr Dominance		2026-09-01	en				
f.usr-476871-480576.7z	Michael_G._Manning_Thornbear.epub	Manning,MIchael,G.:	Thornbear (Champions of the Dawning Dragons)	prose_magic:knight:sword:fantasy_all_root:mage:wizard:	2026-09-01	en				
f.usr-480577-484748.7z	Valeriy_Dmitrievich_Solovey__Osenyu_protesty_mogut_vyyti_na_drugoy_uroven_.epub	Соловей,Валерий,:	Осенью протесты могут выйти на другой уровень		2026-09-01	ru				
f.usr-480577-484748.7z	Zachary_Rawlins_The_Far_Shores.epub	Zachary,Rawlins,,:	The Far Shores (The Central Series)		2026-09-01	en				
f.usr-480577-484748.7z	Zachary_Rawlins_The_Outer_Dark.epub	Rawlins,Zachary,:	The Outer Dark (Central Series Book 4)		2026-09-01	en				
f.usr-484749-489359.7z	Mastering_JBoss_Drools_6.epub	Salantino,Mauricio,:	mastering-jboss-drools-6-for-developers-mauricio-salatino		2026-09-01	en				
f.usr-489360-492346.7z	Charlz_Dahigg_Sila_zvichki._Chomu_mi_diiemo_tak,_a_ne_inakshe_v_zhitti_ta_biznesi.epub	Чарлз,ДАХІҐҐ,:	Сила звички. Чому ми діємо так, а не інакше в житті та бізнесі		2026-09-01	uk				
f.usr-489360-492346.7z	Christopher_Nuttall_Fists_of_Justice.epub	Nuttall,Christopher,:	Fists of Justice (Schooled in Magic Book 12)	magicians:prose_magic:alternate world:fantasy_all_root:young adult:sorcerers:	2026-09-01	en				
f.usr-492347-495618.7z	Wolf_Moon.epub	McDonald,Ian,:	Luna--Wolf Moon--A Novel		2026-09-01	en				
f.usr-495619-497807.7z	Graham_Allison_Destined_for_War__Can_America_and_China_Escape_Thucydides_s_Trap_.epub	Graham,Allison,,:	Destined for War		2026-09-01	en				
f.usr-499889-502688.7z	Dzhin_Rodman_Vulf_A_Borrowed_Man.epub	Wolfe,Gene,:	A Borrowed Man		2026-09-01	en				
f.usr-499889-502688.7z	Dzhin_Rodman_Vulf_An_Evil_Guest.epub	Wolfe,Gene,:	An Evil Guest	sf_all_root:fantasy_all_root:General:Horror:love_all_root:sf:Action & Adventure:	2026-09-01	en				
f.usr-499889-502688.7z	Nuttall_Christopher_The_Gordian_Knot.epub	Christopher,Nuttall,,:	The Gordian Knot	fantasy_all_root:sorcerers:alternate world:prose_magic:Young Adult:magicians:	2026-09-01	en				
f.usr-502689-505100.7z	Adams_Skott_Gothic_Love._Istoriya_o_priznayushchih_tolko_chernyy_cvet.epub	Адамс,Скотт,:	Gothic Love. История о признающих только черный цвет	Современная русская литература:Приключения꞉ прочее:dramaturgy:sf_horror:love_contemporary:	2026-09-01	ru				
f.usr-502689-505100.7z	Edmund_Spenser_The_Faerie_Queene.epub	C.; Spenser, Edmund ; Yamashita, Hiroshi,Hamilton,,A.:	Spenser		2026-09-01	en				
f.usr-502689-505100.7z	Lives_of_the_Monster_Dogs.epub	Bakis,Kirsten,:	Lives of the Monster Dogs		2026-09-01	en				
f.usr-502689-505100.7z	Philip_Carlo_The_Night_Stalker_The_Life_and_Crimes_of_One_of_America_Deadliest_Killers.epub	Carlo,Philip,:	The Night Stalker		2026-09-01	en				
f.usr-502689-505100.7z	United_States_of_Japan.epub	Tieryas,Peter,:	United States of Japan		2026-09-01	en				
f.usr-505101-507580.7z	Car_gory.epub	Мерримен Э.,Бронсон,П.,:	Царь горы		2026-09-01	ru				
f.usr-505101-507580.7z	Kristofer_Nattoll_Graduation_Day.epub	Nuttall,Christopher,:	Graduation Day (Schooled in Magic Book 14)	magicians:prose_magic:alternate world:fantasy_all_root:Young Adult:sorcerers:	2026-09-01	en				
f.usr-507581-510525.7z	Andrey_Kruz_Dva_bileta_tuda..._(fragment).epub	Андрей Царев,Андрей,Круз,:	Два билета туда	Земля лишних:	2026-09-01	ru				
f.usr-507581-510525.7z	Brayan_Smit_Zombi-rok-n-rolshchicy_iz_ispravitelnoy_shkoly.epub	Смит,Брайан,:	Зомби-рок-н-рольщицы из исправительной школы	sf_horror:	2026-09-01	ru				
f.usr-507581-510525.7z	Edvard_Li_The_Dunwich_Romance.epub	Lee,Edward,:	The Dunwich Romance		2026-09-01	en				
f.usr-507581-510525.7z	Heleg_Hart_Dvuhgolovaya_himera.fb2	,Хелег Харт,:	Двухголовая химера	adventure_fantasy:Эпическое фэнтези:	2018-01-14	ru		"""Если твои решения и поступки приводят тебя на край гибели, что-то ты делаешь не так"". Именно к такому выводу приходит Энормис после того, как попытки раскрыть тайны прошлого едва не свели его в могилу. А на горизонте маячит новая угроза - пока неясная, но уже ощутимая. Некто могущественный имеет планы на Нирион, и они идут в разрез с представлениями Энормиса о счастливом будущем. Его подруга пропала, а таинственное Отражение из снов продолжает загадывать загадки. Чтобы во всем этом разобраться, человеку-без-имени снова придется сунуть голову в пасть вечноголодной химеры. Да и от прошлого так просто не отмахнуться... Предыдущая книга: Неприкаянный"		
f.usr-507581-510525.7z	Mihail_Aleksandrovich_Atamanov_iskazhayushchie_realnost_2.epub	Атаманов,Михаил,:	Искажающие реальность-2		2026-09-01	ru				
f.usr-507581-510525.7z	Tomas_Ligotti_The_Conspiracy_Against_the_Human_Race__A_Contrivance_of_Horror.epub	Thomas,Ligotti,,:	The Conspiracy against the Human Race: A Contrivance of Horror	schopenhauer:pessimism:antinatalism:nightmare of being:Horror:sci_philosophy:better off dead:nihilism:dark:materialism:religion_budda:malignantly useless:nihilist:human condition:zapffe:realism:lovecraft:	2026-09-01	en				
f.usr-510526-513033.7z	Bulyga__Zaklyuchennyy_no12.fb2	,Богай Олег Дмитриевич,:	Булыга: Заключенный №12	ЛитРПГ:Боевое фэнтези:	2018-02-25	ru		СТАНДАРТНОЕ ЛИТРПГ. Главный герой попадает в тюрьму в век высоко развитых технологий и выбирает крайне не популярную расу, пытается выкарабкаться из виртуальной тюрьмы и спасти свою сестру от неведомой напасти. Удастся ли ему это?! Все ответы в книге... Вторая книга: https://litnet.com/account/books/view?id=54464		
f.usr-510526-513033.7z	Uilyam_Mak-Nil_Plagues_and_Peoples.epub	McNeill,William,:	Plagues and Peoples		2026-09-01	en				
f.usr-513034-516388.7z	Alaster_Reynolds_Elysium_Fire.epub	Reynolds,Alastair,:	Elysium Fire	sf_all_root:sf:Action & Adventure:sf_all_root:sf:Alien Contact:	2026-09-01	en				
f.usr-529887-532451.7z	530758.fb2	Линдсей,Джоанна,:	Любовь не ждет	love_history:	2018-11-01	ru		<p>Две семьи, враждующие с давних времен, наконец решили примириться. И разумеется, самый удачный ход – поженить своих детей, Тиффани и Хантера. Правда, невеста в силу определенных обстоятельств никогда не видела жениха. Конечно, никто не собирается принуждать Тиффани, если ей не понравится Хантер. Волей случая девушка попадает на его ранчо и выдает себя за экономку. Хантер также не горит желанием жениться на изнеженной, по его понятиям, горожанке. Он влюбляется в молоденькую домоправительницу, не подозревая, что это и есть его нареченная…</p>		2014
f.usr-529887-532451.7z	530759.fb2	Симмонс,Дебора,:	Рыцарь	love_history:	2018-11-01	ru	Сборник Клятва рыцаря#			
f.usr-547062-550755.7z	548622.xml.fb2	SHEF90RUS,,:	Unknown	drama_antique:	2019-05-01	ru				
f.usr-547062-550755.7z	549381.epub	Атаманов,Михаил,:	Искажающие реальность-5		2026-09-01	ru				
f.usr-554453-556317.7z	556118.epub.fb2	,Cocooned Cow,:	Мир боевых искусств	computers:	2019-08-01	ru		<p>В Сфере Богов бесчисленные легенды боролись за таинственный куб. После сражения таинственный куб исчез в пустоте. Линь Мин натыкается на этот таинственный объект и начинает своё путешествие, чтобы стать героем земли.</p>		
f.usr-564404-566823.7z	565774.pdf.epub	., Рао Д. .,Макмахан,Б.:	Знакомство с PyTorch: глубокое обучение при обработке естественного языка		2026-09-01	ru				
f.usr-575486-577874.7z	575923.pdf.epub	admin,,:	aaff95083802a1d18ea008d7a2fa816a		2026-09-01	en				
f.usr-577875-580713.7z	579991.epab.epub	Вадим,,:	Unknown		2026-09-01	en				
f.usr-577875-580713.7z	580331.fb2	Хмелевская,Иоанна,:	Вся ПАНИ ИОАННА. Том 1	det_irony:	2020-05-01	ru	Все произведения о пани Иоанне в двух томах#1	<p>Содержание:</p><p>1. Клин клином<emphasis>(Перевод: Вера Селиванова)</emphasis></p><p>2. Подозреваются все<emphasis>(Перевод: Вера Селиванова)</emphasis></p><p>3. Крокодил из страны Шарлотты<emphasis>(Перевод: Людмила Ермилова)</emphasis></p><p>4. Что сказал покойник<emphasis>(Перевод: Вера Селиванова)</emphasis></p><p>5. Все красное<emphasis>(Перевод: Мария Кронгауз)</emphasis></p><p>6. Роман века<emphasis>(без указания переводчика)</emphasis></p><p>7. Просёлочные дороги<emphasis>(Перевод: Нина Селиванова)</emphasis></p><p>8. Проклятое наследство<emphasis>(без указания переводчика)</emphasis></p><p>9. Колодцы предков (вариант перевода Аванта+,<emphasis>Перевод: Вера Селиванова)</emphasis></p><p>10. Бесконечная шайка<emphasis>(без указания переводчика)</emphasis></p><p>11. Бега<emphasis>(Перевод: Любовь Стоцкая)</emphasis></p><p>12. Тайна<emphasis>(Перевод: Ирина Колташева)</emphasis></p><p>13. Дело с двойным дном<emphasis>(Перевод: Вера Селиванова)</emphasis></p><p>14. Флоренция — дочь Дьявола<emphasis>(Перевод: Любовь Стоцкая)</emphasis></p><p>15. Стечение обстоятельств<emphasis>(без указания переводчика)</emphasis></p>		2020
f.usr-577875-580713.7z	580332.fb2	Хмелевская,Иоанна,:	Вся ПАНИ ИОАННА	det_irony:	2020-05-01	ru	Все произведения о пани Иоанне в двух томах#2	<p>Содержание:</p><p>1. Свистопляска<emphasis>(Перевод: Вера Селиванова)</emphasis></p><p>2. Две головы и одна нога<emphasis>(Перевод: Вера Селиванова)</emphasis></p><p>3. Золотая муха<emphasis>(Перевод: Вера Селиванова)</emphasis></p><p>4. ТТ, или Трудный труп<emphasis>(Перевод: Вера Селиванова)</emphasis></p><p>5. Бабский мотив<emphasis>(Перевод: Любовь Стоцкая)</emphasis></p><p>6. Убойная марка<emphasis>(Перевод: Вера Селиванова)</emphasis></p><p>7. Кот в мешке<emphasis>(Перевод: Вера Селиванова)</emphasis></p><p>8. Убить меня<emphasis>(Перевод: Вера Селиванова)</emphasis></p><p>9. Зажигалка<emphasis>(без указания переводчика)</emphasis></p><p>10. Бледная Холера<emphasis>(Перевод: Сергей Соколов)</emphasis></p><p>11. Смерть пиявкам!<emphasis>(Перевод: Вера Селиванова)</emphasis></p><p>12. Похищение на бис<emphasis>(Перевод: Нина Селиванова)</emphasis></p><p>13. Бычки в томате<emphasis>(Перевод: Нина Селиванова)</emphasis></p><p>14. Чисто конкретное убийство<emphasis>(Перевод: Любовь Стоцкая)</emphasis></p>		2020
f.usr-580714-583735.7z	583417.fb2	Бобков,Владислав,Андреевич:	Властитель Мертвых. Книги 1-3	sf_action:sf_postapocalyptic:network_literature:	2020-06-01	ru	Система Апокалипсиса#			
f.usr-586104-588782.7z	586574.epub.fb2	Кучеренко,Елена,Александровна:	Как я выходила замуж. Рассказы	russian_contemporary:religion:nonf_biography:ref_dict:	2020-08-01	ru		<p>Автор книги – москвичка, выпускница театроведческого факультета ГИТИСа, мама пяти дочек. Елена Кучеренко описывает свой приход к вере, радости неофитства и проблемы воцерковления, трудности и соблазны христианской жизни, ее счастливые эпизоды. Она повествует и о том, как живут и трудятся, рождаются и умирают, любят и растят детей ее близкие, друзья, знакомые. С ироничными зарисовками и забавными историями соседствуют щемящие душу драмы.</p><p>Рассказы будут интересны читателю, ценящему живой слог, интересный сюжет, юмор и возможность задуматься над прочитанным.</p><p>Для широкого круга читателей.</p>	проза жизни,женские истории,семейное счастье,путь к Богу,духовные ценности,вечные вопросы,рассказы,православная вера	
f.usr-586104-588782.7z	588490.rtf.fb2	Языков,Олег,:	Куплю метр государственной границы. Фрагмент	drama_antique:	2020-08-01	en				
f.usr-586104-588782.7z	588491.rtf.fb2	Языков,Олег,:	Псион клана Росс	drama_antique:	2020-08-01	en				
f.usr-588783-591755.7z	590672.fb2	Гедеон,,:	У оружия нет имени	drama_antique:	2020-09-01	ru				
f.usr-591756-597992.7z	592539.pdf.epub	Ольденбург,Рэй,:	Третье место: кафе, кофейни, книжные магазины, бары, салоны красоты и другие места «тусовок» как фундамент сообщества		2026-09-01	ru				
f.usr-695155-699611.7z	695663.pdf.fb2	Муратов,Виктор,Владимирович:	Румия	child_prose:	2022-12-01	ru		<p>Повесть о мальчишках первых послевоенных лет. Главные герои книги на себе испытали, что такое война, разрушившая их мечты, оторвавшая их от родительского дома. И теперь воспитатели «Румии» (ремесленное училище металлистов) прилагают все силы, чтобы совершить перелом в их нравственном развитии. Ребята вынесли из стен училища самое главное в жизни: любовь к труду, уважение к рабочему человеку.</p><p>Муратов В. В.</p><p>М91 Румия: Повесть, рассказ.— М.: Моск. рабочий, 1982. — 239 с.</p><p>СОДЕРЖАНИЕ</p><p>Это и есть море? ... 5</p><p>Последний маршрут ... 16</p><p>Не так страшен черт ... 26</p><p>Что мы за цацы такие? ... 35</p><p>Влипли ... 39</p><p>Пир папуасов ... 54</p><p>Кто пойдет в театр ... 60</p><p>Пятая «непромокаемая» ... 73</p><p>Старые конюшни ... 77</p><p>Зачем ему берег турецкий? ... 90</p><p>«Лапша» ... 94</p><p>Первая стружка ... 102</p><p>Винтики, болтики ... 106</p><p>Зимний вечер ... 119</p><p>Сколько выдержит человек ... 127</p><p>Возвращение Цобы ... 135</p><p>Хиба як у нас? ... 141</p><p>Гармонь остается ... 146</p><p>На берегу Днестра ... 155</p><p>Леденцы ... 168</p><p>Приглашение на бал ... 175</p><p>Как писать о весне ... 191</p><p>Кислые яблочки ... 201</p><p>Сколько стоит матрешка? ... 208</p><p>Третий вариант ... 222</p><p>Тополиная весна. Рассказ ... 233</p>	Для детей среднего и старшего школьного возраста	1982
f.usr-754754-759835.7z	756350.fb2	Картер,Пол,:Хайфилд,Роджер,:	Эйнштейн. Частная жизнь	home_pets:popadancy:	2023-12-01	ru				
f.usr-774150-778576.7z	775113.pub.epub	Hazelwood,Ali,:	Check & Mate		2026-09-01	en				
f.usr-838587-841876.7z	840138.epup.epub	Lars,Kepler,,:	The Sleepwalker	sf_all_root:Mystery & Detective:Scandinavian Thriller:Suspense:	2026-09-01	en				
f.usr-841877-844295.7z	842709.epup.epub	Robb,J.,D.:	Framed in Death		2026-09-01	en				
f.usr-841877-844295.7z	843101.epup.epub	Tracy,P.,J.:	The Deepest Cut		2026-09-01	en				
f.usr-879582-883394.7z	882724.epub	aut,,:	Неписаное: Происхождение: Селена		2026-09-01	en				
usr-158326-161827.7z	Lorri_Vsyo_ne_prosto.fb2	,Комп,:	Лорри		2009-07-31	un				
usr-172703-182284.7z	Elena_Kolina_Lyubof_i_Drushba.fb2		Любоф и друшба		2009-12-15	ru				
usr-172703-182284.7z	Faktor_prevoshodstva_Baza-24_N7_.fb2		Фактор превоскходства		2009-12-18	ru				
usr-172703-182284.7z	Ivan_Ivanovich_Hemnitser_Polnoe_sobranie_stihotvoreniy.fb2	И,Хемницер,:	И. Полное собрание стихотворений. Содержание		2009-12-08	un		<poem><stanza><imagex><imagex></stanza><stanza><v><a>РВБ</a>:<a>XVIII век</a>:<a>И.И. Хемницер</a>.</v><v>Версия 1.01, 30 сентября 2006 г.</v></stanza><stanza><v>БИБЛИОТЕКА ПОЭТА</v><v>ОСНОВАНА М. ГОРЬКИМ</v></stanza></poem>		
usr-172703-182284.7z	Keti_Maksvell_Tvoya_navsegda.fb2	Максвелл,Кэти,:	Твоя навсегда		2010-01-15	ru				
usr-172703-182284.7z	Kikuti_Hideyuki_Di_ohotnik_na_vampirov.fb2	Кикути,Хидеюки,:	Ди, охотник на вампиров		2009-12-15	ru				
usr-182285-187147.7z	Darren_Shen_Tunneli_krovi.fb2	Шэн,Даррен,:	Туннели крови		2010-02-01	ru				
usr-182285-187147.7z	Valentin_Postnikov_Rozhdestvenskie_priklyucheniya.fb2	Постников,Валентин,:	Гарри и его собака Поттер. Рождественские приключения		2010-02-13	ru				
usr-344000-348999.7z	344601.jpg.epub	Lilin,Nicolai,:	Il respiro del buio		2026-09-01	it				
usr-359000-364999.7z	363087.txt.epub	Berenson,Alex,:	The Faithful Spy		2026-09-01	un				
usr-548000-552999.7z	548606.epub	Nam,Le,:	Cartagena		2026-09-01	en				
usr-548000-552999.7z	548607.epub	She,Lao,:	Mr Ma and Son		2026-09-01	en				
usr-548000-552999.7z	548610.epub	Lao,She,:	Rickshaw Boy		2026-09-01	en				
usr-548000-552999.7z	548611.epub	Nicci,Cloke,:	Someday Find Me		2026-09-01	en				
usr-548000-552999.7z	548613.epub	Brovig,Dea,:	The Last Boat Home		2026-09-01	en				
usr-548000-552999.7z	548617.epub	Amy,Stolls,:	The Ninth Wife		2026-09-01	en				
usr-548000-552999.7z	548631.epub	Harlan,Wilson,,D.:	They Had Goat Heads		2026-09-01	en				
usr-548000-552999.7z	548636.epub	Knowlson,James,:	Beckett Remembering / Remembering Beckett		2026-09-01	un				
usr-548000-552999.7z	548637.epub	Beckett,Samuel,:	Collected Poems in English and French		2026-09-01	en				
usr-548000-552999.7z	548638.epub	Beckett,Samuel,:	The Complete Dramatic Works		2026-09-01	en				
usr-548000-552999.7z	548641.epub	Beckett,Samuel,:	Echo's Bones		2026-09-01	ar				
usr-548000-552999.7z	548644.epub	Samuel,Beckett,:	Endgame Act Without Words I		2026-09-01	en				
usr-548000-552999.7z	548646.epub	Samuel,Beckett,:	Ends and Odds		2026-09-01	en				
usr-548000-552999.7z	548648.epub	Samuel,Beckett,:	First Love and Other Shorts		2026-09-01	en				
usr-548000-552999.7z	548649.epub	Samuel,Beckett,:	Happy Days: A Play in Two Acts		2026-09-01	en				
usr-548000-552999.7z	548651.epub	Richard,Seaver,:	I can’t go on, I’ll go on: A Selection from Samuel Beckett’s Work		2026-09-01	en				
usr-548000-552999.7z	548652.epub	Samuel,Beckett,:	Krapp's Last Tape and Other Dramatic Pieces		2026-09-01	en				
usr-548000-552999.7z	548657.epub	Samuel,Beckett,:	Mercier and Camier		2026-09-01	en				
usr-548000-552999.7z	548659.epub	Samuel,Beckett,:	Malone Dies		2026-09-01	en				
usr-548000-552999.7z	548665.epub	Samuel,Beckett,:	The Unnamable		2026-09-01	en				
usr-548000-552999.7z	548672.epub	Samuel,Beckett,:	Nohow On		2026-09-01	en				
usr-548000-552999.7z	548673.epub	Samuel,Beckett,:	Rockabye and Other Short Pieces		2026-09-01	en				
usr-548000-552999.7z	548674.epub	Beckett,Samuel,:	Selected Poems 1930-1988		2026-09-01	en				
usr-548000-552999.7z	548676.epub	Samuel,Beckett,:	Stories and Texts for Nothing		2026-09-01	en				
usr-548000-552999.7z	548677.epub	Beckett,Samuel,:	Texts for Nothing and Other Shorter Prose, 1950–1976		2026-09-01	en				
usr-548000-552999.7z	548805.epub	D,Wilson,:	The Kyoto Man (The SciKungFi Trilogy)		2026-09-01	en				
usr-548000-552999.7z	548807.epub	Harris,John,:	Covenant with Death		2026-09-01	en				
usr-548000-552999.7z	548808.epub	Rushdie,Salman,:	The Duniazát		2026-09-01	en				
usr-548000-552999.7z	548820.epub	Tom,Drury,:	The Black Brook		2026-09-01	en				
usr-548000-552999.7z	549088.epub	Hickey,Christine,Dwyer:	The Lives of Women		2026-09-01	en				
usr-548000-552999.7z	549089.epub	Hickey,Christine,Dwyer:	Last Train from Liguria (2010)	Christine Dwyer Hickey:	2026-09-01	en				
usr-548000-552999.7z	549093.epub	McLay,Craig,:	Whitechapel		2026-09-01	en				
usr-548000-552999.7z	549095.epub	King,Francis,:	A Domestic Animal	sf_all_root:General:Gay:Literary:	2026-09-01	en				
usr-548000-552999.7z	549104.epub	Hughes,Mary-Beth,:	The Loved Ones		2026-09-01	en				
usr-548000-552999.7z	549105.epub	Monaghan,Nicola,:	The Killing Jar		2026-09-01	en				
usr-548000-552999.7z	549106.epub	Dinerstein,Rebecca,:	The Sunlit Night		2026-09-01	en				
usr-548000-552999.7z	549111.epub	Liz,Fenton,:	The Status of All Things: A Novel		2026-09-01	en				
usr-548000-552999.7z	549116.epub	Liebert,Emily,:	Those Secrets We Keep		2026-09-01	en				
usr-548000-552999.7z	549257.epub	Vanderhaeghe,Guy,:	My Present Age	sf_all_root:General:Literary:Mystery & Detective:	2026-09-01	en				
usr-548000-552999.7z	549258.epub	Vanderhaeghe,Guy,:	Things As They Are?		2026-09-01	en				
usr-548000-552999.7z	549260.epub	Vanderhaeghe,Guy,:	Daddy Lenin and Other Stories		2026-09-01	en				
usr-548000-552999.7z	549738.epub	Ashbery,John,:	Can You Hear, Bird: Poems		2026-09-01	en				
usr-548000-552999.7z	549739.epub	Ashbery,John,:	Chinese Whispers: Poems		2026-09-01	en				
usr-548000-552999.7z	549740.epub	Ashbery,John,:	Flow Chart: A Poem		2026-09-01	en				
usr-548000-552999.7z	549741.epub	Ashbery,John,:	Houseboat Days: Poems		2026-09-01	en				
usr-548000-552999.7z	549742.epub	Ashbery,John,:	Some Trees: Poems		2026-09-01	en				
usr-548000-552999.7z	549743.epub	Ashbery,John,:	Wakefulness: Poems		2026-09-01	en				
usr-548000-552999.7z	549744.epub	Ashbery,John,:	A Wave		2026-09-01	en				
usr-548000-552999.7z	549745.epub	Ashbery,John,:	And the Stars Were Shining		2026-09-01	en				
usr-548000-552999.7z	549746.epub	Ashbery,John,:	As We Know		2026-09-01	en				
usr-548000-552999.7z	549747.epub	Ashbery,John,:	Rivers and Mountains		2026-09-01	en				
usr-548000-552999.7z	549748.epub	Ashbery,John,:	Shadow Train		2026-09-01	en				
usr-548000-552999.7z	549749.epub	Ashbery,John,:	Your Name Here: Poems		2026-09-01	en				
usr-548000-552999.7z	549751.epub	Christofi,Alex,:	Glass		2026-09-01	en				
usr-548000-552999.7z	549757.epub	Aidoo,Ama,Ata:	Changes		2026-09-01	en				
usr-548000-552999.7z	549758.epub	Christian,Bauman,:	Voodoo Lounge		2026-09-01	en				
usr-548000-552999.7z	549762.epub	Christine,Hickey,:	Cold Eye of Heaven, The		2026-09-01	en				
usr-548000-552999.7z	549764.epub	Watson,Mark,:	Eleven	sf_all_root:	2026-09-01	en				
usr-548000-552999.7z	549765.epub	Caldwell,Erskine,:	Place Called Estherville		2026-09-01	en				
usr-548000-552999.7z	549769.epub	Guy,Ware,:	The Fat of Fed Beasts		2026-09-01	en				
usr-593000-596999.7z	593571.epub	Тихоновская,Мирраслава,:	Будьте как дети [СИ]	short_story:	2026-09-01	ru				
usr-593000-596999.7z	593572.epub	Петров,Алексей,Станиславович:	Эммануэль	prose_contemporary:short_story:	2026-09-01	ru				
usr-593000-596999.7z	593582.epub	Булгаков,Сергей,:	Апокалиптика и социализм	sci_religion:	2026-09-01	ru				
usr-696200-698299.7z	697771.pdf.epub	Sharansky,Natan,:Dermer,Ron,:	The Case for Democracy: The Power of Freedom to Overcome Tyranny and Terror		2026-09-01	en				
usr-754400-755499.7z	754572.html.epub	Leach23,,:	Игрок, забравшийся на вершину. Том 10	sf_fantasy:adventure_all_root:	2026-09-01	ru				
